{"cameraMode":{"drawMode":0,"name":"Shaded","section":"Shading Mode"},"sceneLighting":true,"audioPlay":false,"sceneViewState":{"showFog":true,"showMaterialUpdate":false,"showSkybox":true,"showFlares":true,"showImageEffects":true,"showParticleSystems":true},"in2DMode":false,"pivot":{"x":-0.010172098875045777,"y":0.18586862087249757,"z":-0.21014583110809327},"rotation":{"x":-0.31510770320892336,"y":0.34720349311828616,"z":-0.1251276284456253,"w":-0.8743569254875183},"size":3.966219663619995,"orthographic":false}